Team,G,MP,FG,FGA,FG%,3P,3PA,3P%,2P,2PA,2P%,FT,FTA,FT%,ORB,DRB,TRB,AST,STL,BLK,TOV,PF,PTS,Season,Age,W,L,MOV,SOS,SRS,ORtg,DRtg,NRtg,Pace,TS%,Attend./G,Win%,AST/TOV,PTS/FGA
Indiana Pacers,82,240.3,47.0,92.7,0.507,13.2,35.3,0.374,33.8,57.4,0.589,16.1,20.5,0.782,10.1,31.4,41.5,30.8,7.7,5.9,12.9,21.4,123.3,2023-24,25.3,47.0,35.0,3.05,-0.3,2.75,121.0,118.0,3.0,101.7,0.606,16526,0.573170731707317,2.39,1.33
Boston Celtics,82,241.8,43.9,90.2,0.487,16.5,42.5,0.388,27.4,47.7,0.575,16.3,20.2,0.807,10.7,35.6,46.3,26.9,6.8,6.6,11.9,16.2,120.6,2023-24,28.2,64.0,18.0,11.34,-0.6,10.75,123.2,111.6,11.6,97.2,0.609,19156,0.7804878048780488,2.26,1.34
Oklahoma City Thunder,82,241.5,44.5,89.3,0.499,13.3,34.2,0.389,31.3,55.1,0.567,17.7,21.5,0.825,8.8,33.2,42.0,27.1,8.5,6.6,12.7,18.8,120.1,2023-24,23.4,57.0,25.0,7.41,-0.05,7.36,119.5,112.1,7.4,99.8,0.608,17451,0.6951219512195121,2.13,1.34
Milwaukee Bucks,82,241.5,43.1,88.5,0.487,14.2,38.1,0.373,29.0,50.4,0.574,18.5,23.9,0.774,9.4,34.8,44.2,26.5,6.8,5.0,12.9,19.2,119.0,2023-24,30.2,49.0,33.0,2.62,-0.18,2.44,118.4,115.8,2.6,99.9,0.601,17659,0.5975609756097561,2.05,1.34
Atlanta Hawks,82,242.1,43.0,92.5,0.465,13.7,37.7,0.364,29.3,54.8,0.535,18.5,23.2,0.797,12.5,32.2,44.7,26.6,7.5,4.5,13.5,18.6,118.3,2023-24,26.2,36.0,46.0,-2.18,-0.19,-2.38,117.2,119.4,-2.2,100.1,0.576,16986,0.43902439024390244,1.97,1.28
Los Angeles Lakers,82,242.1,43.7,87.5,0.499,11.8,31.4,0.377,31.8,56.2,0.567,18.9,24.2,0.782,8.2,34.9,43.1,28.5,7.4,5.5,14.0,15.6,118.0,2023-24,28.0,47.0,35.0,0.6,0.48,1.07,115.9,115.3,0.6,100.9,0.601,18925,0.573170731707317,2.04,1.35
Dallas Mavericks,82,240.3,43.1,89.7,0.481,14.6,39.5,0.369,28.5,50.1,0.569,17.0,22.5,0.758,9.7,33.2,42.9,25.7,6.9,5.0,12.5,18.3,117.9,2023-24,26.5,50.0,32.0,2.21,0.09,2.3,117.6,115.4,2.2,100.1,0.592,20217,0.6097560975609756,2.06,1.31
Golden State Warriors,82,241.8,43.7,91.6,0.477,14.8,38.9,0.38,28.9,52.7,0.548,15.6,20.0,0.78,12.1,34.6,46.7,29.3,7.0,4.6,14.3,19.5,117.8,2023-24,28.4,46.0,36.0,2.61,0.16,2.77,117.8,115.2,2.6,99.2,0.586,18064,0.5609756097560976,2.05,1.29
Sacramento Kings,82,242.1,43.3,90.9,0.477,14.4,39.3,0.366,29.0,51.7,0.561,15.5,20.9,0.745,10.8,33.2,44.0,28.3,7.6,4.2,13.1,19.9,116.6,2023-24,26.4,46.0,36.0,1.74,0.55,2.29,116.9,115.2,1.7,98.8,0.582,17927,0.5609756097560976,2.16,1.28
Phoenix Suns,82,241.2,42.5,86.1,0.493,12.4,32.6,0.382,30.0,53.6,0.561,18.9,23.4,0.808,10.1,33.9,44.1,27.0,7.4,6.0,14.9,18.0,116.2,2023-24,29.3,49.0,33.0,3.06,0.02,3.08,117.6,114.6,3.0,98.3,0.603,17071,0.5975609756097561,1.81,1.35
Utah Jazz,82,241.5,42.0,89.9,0.467,12.9,36.5,0.354,29.1,53.4,0.544,18.8,22.6,0.83,12.2,33.2,45.5,27.2,6.5,5.6,15.7,18.6,115.7,2023-24,25.1,31.0,51.0,-4.89,0.68,-4.22,115.5,120.4,-4.9,99.5,0.579,18206,0.3780487804878049,1.73,1.29
Los Angeles Clippers,82,240.3,42.4,86.7,0.489,12.6,33.2,0.381,29.7,53.5,0.555,18.3,22.2,0.825,10.0,32.9,43.0,25.6,7.8,5.0,13.1,18.5,115.6,2023-24,30.4,51.0,31.0,3.28,0.13,3.41,118.8,115.4,3.4,97.2,0.599,18946,0.6219512195121951,1.95,1.33
New Orleans Pelicans,82,240.3,42.5,87.4,0.486,12.5,32.6,0.383,30.0,54.8,0.548,17.6,22.8,0.771,10.4,33.6,44.0,27.0,8.3,4.6,13.0,18.4,115.1,2023-24,26.0,49.0,33.0,4.41,0.05,4.46,117.4,112.9,4.5,97.9,0.591,17301,0.5975609756097561,2.08,1.32
Denver Nuggets,82,240.3,44.0,88.8,0.496,11.7,31.2,0.374,32.3,57.5,0.562,15.1,19.9,0.762,10.7,33.7,44.4,29.5,7.1,5.6,12.6,18.2,114.9,2023-24,27.1,57.0,25.0,5.26,-0.03,5.23,118.5,113.0,5.5,96.8,0.589,19684,0.6951219512195121,2.34,1.29
Philadelphia 76ers,82,241.2,41.5,89.4,0.464,12.1,33.3,0.363,29.4,56.1,0.525,19.5,23.6,0.826,11.0,31.9,43.0,24.9,8.5,6.0,12.0,20.3,114.6,2023-24,28.4,47.0,35.0,3.05,-0.54,2.51,116.9,113.8,3.1,97.5,0.574,20042,0.573170731707317,2.07,1.28
Houston Rockets,82,242.1,41.8,91.0,0.459,12.7,36.1,0.352,29.0,54.8,0.53,18.1,23.4,0.773,11.5,34.0,45.5,24.8,7.8,4.6,12.7,20.8,114.3,2023-24,25.1,41.0,41.0,1.12,0.12,1.24,114.5,113.4,1.1,99.0,0.565,17562,0.5,1.95,1.26
Washington Wizards,82,240.6,43.0,91.4,0.47,12.4,35.5,0.348,30.6,55.8,0.548,15.4,20.2,0.764,9.2,31.9,41.1,27.9,7.6,5.1,14.0,20.0,113.7,2023-24,24.9,15.0,67.0,-9.29,0.0,-9.29,110.5,119.6,-9.1,102.7,0.567,16899,0.18292682926829268,1.99,1.24
Minnesota Timberwolves,82,241.5,41.3,85.0,0.485,12.6,32.7,0.387,28.6,52.4,0.546,17.8,22.9,0.777,9.4,34.2,43.6,26.6,7.9,6.1,14.2,18.8,113.0,2023-24,27.2,56.0,26.0,6.45,-0.07,6.39,115.6,109.0,6.6,97.1,0.594,18024,0.6829268292682927,1.87,1.33
New York Knicks,82,240.6,41.3,88.7,0.465,13.2,35.8,0.369,28.1,52.9,0.531,17.0,21.8,0.78,12.7,32.5,45.2,24.4,7.5,4.1,13.2,17.6,112.8,2023-24,26.4,50.0,32.0,4.59,-0.23,4.36,118.2,113.4,4.8,95.2,0.574,19729,0.6097560975609756,1.85,1.27
Cleveland Cavaliers,82,241.5,41.8,87.2,0.479,13.5,36.8,0.367,28.3,50.4,0.561,15.6,20.4,0.765,9.8,33.4,43.3,28.0,7.4,4.6,13.6,17.5,112.6,2023-24,26.2,48.0,34.0,2.41,-0.44,1.98,115.2,112.7,2.5,97.2,0.586,19432,0.5853658536585366,2.06,1.29
Toronto Raptors,82,241.5,42.3,89.7,0.471,11.5,33.1,0.347,30.8,56.6,0.543,16.3,21.6,0.756,10.9,31.8,42.7,28.5,7.7,4.7,14.0,18.4,112.4,2023-24,25.9,25.0,57.0,-6.44,-0.01,-6.45,112.3,118.8,-6.5,99.4,0.566,19515,0.3048780487804878,2.04,1.25
Chicago Bulls,82,243.7,42.0,89.5,0.47,11.5,32.1,0.358,30.6,57.4,0.532,16.7,21.1,0.791,11.2,32.6,43.8,25.0,7.8,4.8,12.2,18.8,112.3,2023-24,28.1,39.0,43.0,-1.44,-0.33,-1.77,114.9,116.3,-1.4,96.3,0.568,20625,0.47560975609756095,2.05,1.25
San Antonio Spurs,82,241.8,41.9,90.7,0.462,12.6,36.4,0.347,29.3,54.3,0.539,15.6,20.0,0.782,10.4,33.9,44.2,29.9,7.1,6.3,15.1,17.2,112.1,2023-24,23.0,22.0,60.0,-6.49,0.69,-5.8,110.0,116.4,-6.4,101.1,0.563,18211,0.2682926829268293,1.98,1.24
Orlando Magic,82,241.2,40.5,84.9,0.476,11.0,31.3,0.352,29.5,53.6,0.549,18.5,24.4,0.759,10.5,31.8,42.3,24.7,8.2,5.2,14.7,19.7,110.5,2023-24,24.0,47.0,35.0,2.02,-0.55,1.48,113.4,111.3,2.1,96.9,0.577,18849,0.573170731707317,1.68,1.3
Brooklyn Nets,82,241.5,40.7,89.1,0.456,13.3,36.7,0.362,27.4,52.4,0.522,15.8,20.9,0.756,11.4,32.6,44.1,25.6,6.8,5.2,13.1,18.5,110.4,2023-24,26.1,32.0,50.0,-2.89,-0.13,-3.02,113.2,116.1,-2.9,96.9,0.561,17568,0.3902439024390244,1.95,1.24
Miami Heat,82,240.9,39.8,85.6,0.465,12.5,33.7,0.37,27.4,51.9,0.527,18.0,22.0,0.818,9.3,33.0,42.3,25.8,7.5,3.4,12.7,17.3,110.1,2023-24,28.0,46.0,36.0,1.76,-0.66,1.1,114.0,112.2,1.8,96.2,0.578,19750,0.5609756097560976,2.03,1.29
Detroit Pistons,82,240.9,40.9,88.2,0.463,11.0,31.7,0.348,29.8,56.5,0.528,17.0,21.7,0.785,10.5,32.8,43.3,25.5,6.5,4.7,15.2,20.6,109.9,2023-24,23.8,14.0,68.0,-9.11,0.05,-9.06,109.7,118.8,-9.1,99.8,0.562,18159,0.17073170731707318,1.68,1.25
Charlotte Hornets,82,240.6,40.0,87.0,0.46,12.1,34.0,0.355,28.0,53.0,0.528,14.5,18.4,0.786,9.3,31.0,40.3,24.8,6.9,4.5,13.8,18.0,106.6,2023-24,25.1,21.0,61.0,-10.24,0.13,-10.12,109.3,119.8,-10.5,97.3,0.56,16449,0.25609756097560976,1.8,1.23
Portland Trail Blazers,82,242.4,39.4,89.7,0.439,11.5,33.2,0.345,27.9,56.5,0.494,16.2,20.5,0.791,12.6,30.1,42.7,23.1,7.6,4.3,15.2,20.2,106.4,2023-24,24.1,21.0,61.0,-9.02,0.74,-8.29,108.3,117.5,-9.2,97.2,0.539,18327,0.25609756097560976,1.52,1.19
Memphis Grizzlies,82,241.2,38.4,88.2,0.435,13.1,37.8,0.346,25.3,50.4,0.502,16.0,21.0,0.764,10.9,31.7,42.6,24.7,8.2,6.1,15.1,19.1,105.8,2023-24,24.4,27.0,55.0,-7.0,0.43,-6.57,107.2,114.3,-7.1,98.2,0.543,16631,0.32926829268292684,1.64,1.2
Cleveland Cavaliers,82,240.9,44.5,90.8,0.491,15.9,41.5,0.383,28.6,49.3,0.581,17.0,21.9,0.776,11.2,34.2,45.4,28.1,8.2,4.3,13.2,18.1,121.9,2024-25,26.6,64.0,18.0,9.54,-0.73,8.81,121.7,112.2,9.5,99.8,0.607,19432,0.7804878048780488,2.13,1.34
Memphis Grizzlies,82,240.3,44.8,93.3,0.479,13.9,37.9,0.367,30.8,55.5,0.556,18.3,23.3,0.786,12.9,34.4,47.3,28.4,8.9,5.6,15.7,20.9,121.7,2024-25,24.7,48.0,34.0,4.85,-0.06,4.79,117.7,113.0,4.7,103.3,0.588,16660,0.5853658536585366,1.81,1.3
Denver Nuggets,82,242.1,45.4,89.8,0.506,12.0,31.9,0.376,33.4,57.8,0.578,17.9,23.3,0.77,11.2,34.5,45.7,31.0,8.0,4.9,14.3,17.6,120.8,2024-25,27.0,50.0,32.0,3.89,0.08,3.97,119.9,116.0,3.9,99.8,0.604,19786,0.6097560975609756,2.17,1.35
Oklahoma City Thunder,82,240.3,44.6,92.7,0.482,14.5,38.8,0.374,30.1,53.9,0.559,16.7,20.4,0.819,10.6,34.2,44.8,26.9,10.3,5.7,11.7,19.9,120.5,2024-25,24.8,68.0,14.0,12.87,-0.16,12.7,120.3,107.5,12.8,100.0,0.593,17973,0.8292682926829268,2.3,1.3
Atlanta Hawks,82,241.2,43.4,91.8,0.472,13.5,37.7,0.358,29.9,54.1,0.552,18.0,23.2,0.775,11.9,32.6,44.5,29.6,9.7,5.1,15.5,19.1,118.2,2024-25,24.9,40.0,42.0,-1.13,-0.28,-1.41,114.6,115.7,-1.1,102.6,0.579,16440,0.4878048780487805,1.91,1.29
Chicago Bulls,82,240.9,43.2,92.0,0.47,15.4,42.0,0.367,27.8,50.0,0.556,16.0,19.7,0.809,10.1,35.8,45.9,29.1,7.6,4.7,14.7,17.6,117.8,2024-25,25.2,39.0,43.0,-1.56,-0.27,-1.83,114.1,115.6,-1.5,102.8,0.585,20138,0.47560975609756095,1.98,1.28
Indiana Pacers,82,242.1,43.6,89.3,0.488,13.2,35.8,0.368,30.4,53.6,0.568,17.0,21.6,0.789,9.2,32.7,41.8,29.2,8.5,5.5,13.2,18.7,117.4,2024-25,25.8,50.0,32.0,2.23,-0.55,1.68,116.5,114.3,2.2,99.9,0.594,16737,0.6097560975609756,2.21,1.31
Boston Celtics,82,241.8,41.6,90.0,0.462,17.8,48.2,0.368,23.9,41.8,0.571,15.3,19.1,0.799,11.4,33.9,45.3,26.1,7.2,5.5,11.9,15.9,116.3,2024-25,28.9,61.0,21.0,9.11,-0.83,8.28,120.6,111.1,9.5,95.7,0.591,19156,0.7439024390243902,2.19,1.29
New York Knicks,82,242.4,43.3,89.2,0.486,12.6,34.1,0.369,30.8,55.1,0.558,16.5,20.7,0.8,10.9,31.8,42.6,27.5,8.2,4.0,13.3,17.2,115.8,2024-25,27.5,51.0,31.0,4.1,-0.51,3.59,118.5,114.3,4.2,96.7,0.589,19800,0.6219512195121951,2.07,1.3
Sacramento Kings,82,242.4,43.0,90.1,0.478,12.6,35.2,0.357,30.5,54.9,0.555,17.1,21.2,0.806,11.0,33.2,44.2,26.5,7.6,4.4,13.3,18.9,115.7,2024-25,27.8,40.0,42.0,0.48,0.11,0.58,116.7,116.2,0.5,98.2,0.582,16986,0.4878048780487805,1.99,1.28
Milwaukee Bucks,82,240.9,42.0,86.4,0.486,14.2,36.6,0.387,27.9,49.7,0.56,17.3,23.1,0.75,8.2,35.1,43.4,25.5,7.3,4.7,13.4,17.9,115.5,2024-25,29.3,48.0,34.0,2.48,-0.36,2.12,115.9,113.4,2.5,99.3,0.598,17437,0.5853658536585366,1.9,1.34
Detroit Pistons,82,241.5,42.7,89.8,0.476,12.8,35.4,0.362,29.9,54.4,0.55,17.2,22.3,0.774,11.4,33.4,44.8,26.4,8.0,5.3,14.9,20.7,115.5,2024-25,25.8,44.0,38.0,1.9,-0.17,1.73,115.0,113.1,1.9,99.8,0.58,19071,0.5365853658536586,1.77,1.29
Minnesota Timberwolves,82,241.8,41.0,87.6,0.468,15.0,39.9,0.377,26.0,47.7,0.545,17.2,21.8,0.789,11.1,33.2,44.3,26.1,8.0,5.0,14.5,18.3,114.3,2024-25,27.2,49.0,33.0,5.0,0.15,5.15,116.6,111.5,5.1,97.3,0.588,18835,0.5975609756097561,1.8,1.3
Houston Rockets,82,241.2,42.5,93.4,0.455,12.7,35.8,0.353,29.8,57.6,0.518,16.7,22.6,0.738,14.6,33.8,48.5,23.3,8.4,5.0,13.9,19.0,114.3,2024-25,24.9,52.0,30.0,4.51,0.45,4.97,115.3,110.8,4.5,98.6,0.553,17484,0.6341463414634146,1.68,1.22
Dallas Mavericks,82,240.6,42.0,87.7,0.479,12.4,34.2,0.364,29.5,53.6,0.552,17.8,23.1,0.77,10.1,33.0,43.0,25.2,7.8,5.4,14.0,17.8,114.2,2024-25,27.5,39.0,43.0,-1.2,0.46,-0.74,114.8,116.0,-1.2,99.2,0.583,20079,0.47560975609756095,1.8,1.3
San Antonio Spurs,82,240.6,41.8,89.8,0.465,14.1,39.6,0.357,27.7,50.2,0.551,16.2,21.0,0.774,10.9,32.7,43.7,28.6,8.2,5.5,13.9,16.6,113.9,2024-25,26.0,34.0,48.0,-2.76,0.31,-2.45,114.4,117.2,-2.8,99.3,0.575,17976,0.4146341463414634,2.06,1.27
Golden State Warriors,82,240.6,40.8,90.4,0.451,15.4,42.4,0.364,25.3,48.0,0.528,16.9,22.1,0.764,12.5,32.8,45.4,29.1,9.4,4.8,14.0,19.2,113.8,2024-25,28.6,48.0,34.0,3.3,0.25,3.56,115.0,111.7,3.3,98.7,0.568,18064,0.5853658536585366,2.08,1.26
Phoenix Suns,82,241.8,41.2,86.3,0.478,14.3,38.0,0.378,26.9,48.3,0.556,16.8,20.8,0.81,9.5,32.9,42.5,27.8,7.2,4.8,14.1,17.9,113.6,2024-25,29.1,36.0,46.0,-3.0,0.45,-2.55,116.2,119.3,-3.1,97.1,0.595,17071,0.43902439024390244,1.97,1.32
Los Angeles Lakers,82,240.6,40.9,85.5,0.479,13.3,36.4,0.366,27.6,49.1,0.562,18.2,23.2,0.785,9.7,32.8,42.4,26.0,7.7,4.5,14.0,17.3,113.4,2024-25,27.9,50.0,32.0,1.22,0.23,1.45,115.9,114.7,1.2,97.6,0.593,18723,0.6097560975609756,1.86,1.33
Los Angeles Clippers,82,241.5,41.6,86.3,0.482,12.5,33.4,0.373,29.1,52.9,0.55,17.3,21.7,0.797,10.3,33.5,43.8,25.2,9.4,4.5,14.9,18.3,112.9,2024-25,29.7,50.0,32.0,4.66,0.18,4.84,115.1,110.3,4.8,97.5,0.589,16575,0.6097560975609756,1.69,1.31
Utah Jazz,82,241.5,40.3,88.7,0.454,14.0,39.8,0.35,26.4,48.8,0.54,17.3,22.4,0.774,12.0,33.4,45.4,25.5,6.8,4.4,17.2,18.9,111.9,2024-25,23.9,17.0,65.0,-9.34,0.83,-8.51,111.2,120.4,-9.2,100.0,0.568,18175,0.2073170731707317,1.48,1.26
Toronto Raptors,82,241.5,41.6,91.0,0.458,11.8,34.0,0.348,29.8,57.0,0.523,15.8,21.1,0.748,12.6,32.5,45.1,28.5,8.1,4.2,15.3,21.2,110.9,2024-25,24.5,30.0,52.0,-4.29,-0.11,-4.4,110.5,114.8,-4.3,99.7,0.553,18746,0.36585365853658536,1.86,1.22
Portland Trail Blazers,82,241.2,40.5,90.2,0.45,12.9,37.7,0.342,27.7,52.5,0.527,16.9,22.2,0.762,13.4,31.4,44.8,23.8,8.3,5.3,16.0,19.0,110.9,2024-25,23.8,36.0,46.0,-2.98,0.31,-2.67,111.7,114.7,-3.0,98.8,0.555,17546,0.43902439024390244,1.49,1.23
Miami Heat,82,243.0,40.5,87.0,0.465,13.7,37.3,0.367,26.8,49.7,0.538,16.0,20.2,0.791,9.7,33.7,43.4,26.4,8.1,3.8,13.6,15.5,110.6,2024-25,26.8,37.0,45.0,0.56,-0.45,0.11,113.5,112.9,0.6,96.2,0.576,19716,0.45121951219512196,1.94,1.27
New Orleans Pelicans,82,240.9,40.6,89.9,0.452,12.0,34.6,0.347,28.6,55.2,0.518,16.5,21.9,0.754,12.1,31.5,43.6,25.8,8.5,5.2,14.6,18.3,109.8,2024-25,25.9,21.0,61.0,-9.43,0.84,-8.59,110.4,119.9,-9.5,99.1,0.552,16815,0.25609756097560976,1.77,1.22
Philadelphia 76ers,82,241.5,39.7,87.4,0.454,12.7,37.2,0.341,27.0,50.2,0.537,17.5,22.5,0.78,10.4,29.4,39.8,23.2,9.2,4.5,13.6,19.0,109.6,2024-25,27.1,24.0,58.0,-6.23,-0.06,-6.29,111.9,118.2,-6.3,97.4,0.563,19844,0.2926829268292683,1.71,1.25
Washington Wizards,82,240.6,39.4,89.9,0.439,13.1,39.1,0.335,26.3,50.7,0.519,16.0,20.6,0.778,10.6,33.1,43.7,25.1,7.6,5.1,15.6,19.7,108.0,2024-25,23.5,18.0,64.0,-12.44,0.3,-12.14,106.8,119.1,-12.3,100.9,0.546,16084,0.21951219512195122,1.61,1.2
Orlando Magic,82,240.6,38.2,85.8,0.445,11.2,35.3,0.318,26.9,50.5,0.533,17.9,23.0,0.775,11.1,30.7,41.8,23.0,8.9,6.0,14.2,20.1,105.4,2024-25,24.9,41.0,41.0,-0.12,-0.58,-0.7,109.4,109.6,-0.2,96.1,0.55,18588,0.5,1.62,1.23
Charlotte Hornets,82,240.9,38.3,89.1,0.43,13.0,38.3,0.339,25.3,50.8,0.499,15.5,19.8,0.783,12.2,33.0,45.2,24.3,7.4,4.5,15.5,18.7,105.1,2024-25,25.1,19.0,63.0,-9.11,0.01,-9.1,107.3,116.6,-9.3,97.6,0.537,17169,0.23170731707317074,1.57,1.18
Brooklyn Nets,82,241.2,37.6,86.1,0.437,13.6,39.4,0.344,24.1,46.7,0.515,16.3,20.7,0.787,10.9,30.4,41.3,25.2,7.8,4.3,15.2,20.7,105.1,2024-25,24.7,26.0,56.0,-7.11,0.16,-6.95,108.5,115.8,-7.3,96.4,0.552,17398,0.3170731707317073,1.66,1.22
Denver Nuggets,82,243.0,43.5,87.8,0.496,14.2,35.8,0.396,29.4,52.0,0.565,20.8,25.8,0.808,9.8,34.2,44.0,29.0,6.8,4.0,12.9,19.1,122.1,2025-26,27.8,54.0,28.0,5.15,-0.17,4.97,122.6,117.4,5.2,98.4,0.616,19826,0.6585365853658537,2.25,1.39
Miami Heat,82,240.3,43.7,93.3,0.468,13.7,37.9,0.361,30.0,55.4,0.542,19.8,25.0,0.792,11.8,34.5,46.3,29.0,8.6,4.3,13.7,18.9,120.9,2025-26,26.2,43.0,39.0,2.33,0.02,2.35,116.7,114.5,2.2,103.4,0.58,19709,0.524390243902439,2.12,1.3
San Antonio Spurs,82,240.6,43.4,89.9,0.483,13.6,37.9,0.359,29.8,52.0,0.574,19.3,24.6,0.787,11.4,35.6,47.0,28.1,7.5,5.5,13.5,18.9,119.8,2025-26,25.4,62.0,20.0,8.3,-0.03,8.28,119.6,111.3,8.3,99.9,0.595,18703,0.7560975609756098,2.08,1.33
Cleveland Cavaliers,82,240.9,43.3,90.0,0.482,14.3,39.8,0.36,29.0,50.2,0.578,18.5,23.9,0.776,11.7,32.7,44.4,28.3,8.5,5.0,14.0,19.6,119.5,2025-26,27.2,52.0,30.0,4.11,-0.34,3.78,119.2,115.1,4.1,99.9,0.595,19432,0.6341463414634146,2.02,1.33
Oklahoma City Thunder,82,242.1,43.1,89.1,0.484,13.8,37.9,0.365,29.3,51.2,0.572,19.0,23.2,0.817,9.6,34.6,44.1,25.8,9.7,5.5,12.6,19.0,119.0,2025-26,25.2,64.0,18.0,11.15,-0.11,11.04,118.9,107.7,11.2,99.3,0.599,18203,0.7804878048780488,2.05,1.34
Atlanta Hawks,82,240.9,43.6,92.0,0.474,14.6,39.5,0.371,29.0,52.5,0.552,16.6,21.5,0.774,11.0,32.6,43.5,30.1,9.4,4.7,14.2,19.7,118.5,2025-26,25.2,46.0,36.0,2.41,-0.03,2.38,116.1,113.7,2.4,101.7,0.584,16356,0.5609756097560976,2.12,1.29
Minnesota Timberwolves,82,241.2,42.6,88.5,0.481,13.8,37.2,0.37,28.9,51.4,0.562,19.0,25.3,0.752,11.1,33.0,44.1,26.1,8.7,5.8,14.8,21.2,118.0,2025-26,27.9,49.0,33.0,3.35,-0.28,3.07,116.8,113.5,3.3,100.5,0.592,17402,0.5975609756097561,1.76,1.33
Detroit Pistons,82,241.5,43.4,89.5,0.485,11.0,30.9,0.356,32.4,58.6,0.553,19.9,26.1,0.763,13.1,32.5,45.6,27.8,10.4,6.4,15.1,22.0,117.8,2025-26,26.1,60.0,22.0,8.16,-0.63,7.53,117.9,109.7,8.2,99.3,0.583,19651,0.7317073170731707,1.84,1.32
Utah Jazz,82,241.8,42.5,91.1,0.467,12.6,36.7,0.345,29.9,54.4,0.55,19.9,25.3,0.786,12.0,31.8,43.8,29.6,8.9,3.8,15.5,21.1,117.6,2025-26,24.1,22.0,60.0,-8.43,0.38,-8.05,114.1,122.3,-8.2,102.3,0.575,17742,0.2682926829268293,1.91,1.29
New York Knicks,82,240.9,42.7,89.4,0.478,14.2,38.2,0.373,28.4,51.2,0.556,16.8,21.3,0.792,12.7,32.9,45.6,27.4,8.1,3.9,13.6,20.0,116.5,2025-26,28.1,53.0,29.0,6.33,-0.28,6.05,119.8,113.3,6.5,96.8,0.59,19812,0.6463414634146342,2.01,1.3
Chicago Bulls,82,240.9,42.4,90.5,0.469,14.3,40.1,0.356,28.1,50.4,0.559,17.3,22.2,0.776,10.4,34.7,45.0,28.5,7.6,5.0,15.3,19.0,116.3,2025-26,25.3,31.0,51.0,-5.21,0.12,-5.09,113.0,118.1,-5.1,102.5,0.58,20244,0.3780487804878049,1.86,1.29
Los Angeles Lakers,82,240.3,42.0,83.7,0.502,11.8,32.9,0.359,30.2,50.8,0.595,20.4,26.8,0.763,9.4,31.5,41.0,25.9,8.5,4.3,14.5,18.5,116.3,2025-26,28.0,53.0,29.0,1.76,-0.07,1.68,118.2,116.4,1.8,98.3,0.609,18855,0.6463414634146342,1.79,1.39
Charlotte Hornets,82,240.9,40.9,88.9,0.46,16.4,43.3,0.378,24.6,45.6,0.538,17.8,21.7,0.818,12.8,33.3,46.1,26.3,7.0,4.5,15.4,19.1,116.0,2025-26,24.0,44.0,38.0,4.83,-0.35,4.48,119.4,114.4,5.0,96.8,0.589,18715,0.5365853658536586,1.71,1.3
Philadelphia 76ers,82,242.4,41.7,90.3,0.462,12.3,35.3,0.349,29.4,55.0,0.535,20.1,24.8,0.809,11.8,31.9,43.6,24.6,9.1,5.7,13.6,20.3,115.9,2025-26,25.5,45.0,37.0,-0.18,-0.09,-0.27,115.4,115.5,-0.1,99.4,0.572,18997,0.5487804878048781,1.81,1.28
Orlando Magic,82,241.8,41.0,88.3,0.464,11.7,34.1,0.343,29.3,54.2,0.54,22.0,27.5,0.801,11.0,32.4,43.4,26.5,8.5,4.7,14.2,21.0,115.7,2025-26,24.7,45.0,37.0,0.63,0.17,0.81,114.9,114.3,0.6,100.0,0.576,18462,0.5487804878048781,1.87,1.31
New Orleans Pelicans,82,241.5,42.1,90.5,0.466,11.1,32.1,0.347,31.0,58.4,0.531,20.1,25.7,0.784,12.2,31.7,43.9,25.1,8.9,5.2,14.2,19.9,115.5,2025-26,24.1,26.0,56.0,-4.5,0.24,-4.26,114.4,118.9,-4.5,100.3,0.568,16476,0.3170731707317073,1.77,1.28
Portland Trail Blazers,82,240.9,40.9,90.1,0.453,14.5,42.2,0.343,26.4,47.9,0.551,19.3,25.2,0.765,14.1,31.9,46.0,25.1,8.3,5.5,17.3,19.9,115.5,2025-26,25.2,42.0,40.0,-0.29,0.01,-0.29,114.4,114.7,-0.3,100.5,0.57,16655,0.5121951219512195,1.45,1.28
Houston Rockets,82,242.7,43.0,89.8,0.479,11.5,31.5,0.364,31.5,58.3,0.54,17.8,23.4,0.763,15.0,33.1,48.1,25.4,8.5,5.8,15.4,18.3,115.2,2025-26,26.5,52.0,30.0,5.22,-0.35,4.87,118.6,113.2,5.4,96.1,0.576,18058,0.6341463414634146,1.65,1.28
Boston Celtics,82,240.6,42.1,90.2,0.467,15.5,42.1,0.367,26.7,48.1,0.555,15.1,18.7,0.807,12.5,33.9,46.4,24.6,7.1,5.0,12.4,19.0,114.9,2025-26,26.9,56.0,26.0,7.7,-0.33,7.37,120.8,112.7,8.1,94.8,0.583,19156,0.6829268292682927,1.98,1.27
Memphis Grizzlies,82,240.6,41.3,90.6,0.456,13.9,39.5,0.353,27.4,51.1,0.536,18.0,22.8,0.793,11.2,31.0,42.1,27.8,8.8,4.8,15.1,20.5,114.7,2025-26,24.6,25.0,57.0,-6.01,0.18,-5.83,112.9,118.8,-5.9,101.3,0.57,15339,0.3048780487804878,1.84,1.27
Golden State Warriors,82,241.5,40.9,88.8,0.461,15.7,44.1,0.356,25.3,44.7,0.565,17.0,21.1,0.807,11.4,31.0,42.3,28.9,9.7,4.2,15.7,19.6,114.6,2025-26,28.6,37.0,45.0,-0.56,0.22,-0.34,115.0,115.6,-0.6,99.0,0.584,18064,0.45121951219512196,1.84,1.29
Toronto Raptors,82,241.2,42.6,88.4,0.482,11.4,32.1,0.354,31.3,56.3,0.555,18.0,23.4,0.769,10.9,31.2,42.1,29.5,8.8,4.8,13.7,20.9,114.6,2025-26,24.8,46.0,36.0,2.83,-0.08,2.75,115.9,113.0,2.9,98.4,0.581,18833,0.5609756097560976,2.15,1.3
Dallas Mavericks,82,242.1,41.9,89.8,0.466,11.0,31.9,0.344,30.9,57.9,0.533,19.5,25.8,0.755,10.5,34.2,44.7,25.3,7.5,5.2,14.5,18.4,114.1,2025-26,26.2,26.0,56.0,-5.51,0.18,-5.33,111.2,116.5,-5.3,101.7,0.564,19288,0.3170731707317073,1.74,1.27
Los Angeles Clippers,82,241.2,40.5,83.6,0.484,12.4,33.8,0.368,28.1,49.8,0.564,20.3,24.7,0.823,9.6,31.0,40.6,23.7,9.0,4.9,14.3,18.9,113.8,2025-26,30.0,42.0,40.0,1.13,-0.17,0.96,117.3,116.1,1.2,96.5,0.602,17622,0.5121951219512195,1.66,1.36
Washington Wizards,82,240.9,41.8,90.4,0.463,13.0,36.4,0.359,28.8,54.0,0.533,16.2,21.2,0.766,11.0,30.9,41.9,25.0,8.0,5.5,15.7,21.3,112.9,2025-26,23.5,17.0,65.0,-11.98,0.36,-11.62,111.0,122.7,-11.7,101.4,0.566,16107,0.2073170731707317,1.59,1.25
Phoenix Suns,82,240.9,41.0,90.1,0.455,14.8,40.8,0.361,26.2,49.3,0.533,15.8,20.3,0.781,13.0,30.1,43.1,24.6,9.5,4.2,14.5,20.6,112.6,2025-26,26.8,45.0,37.0,1.46,0.28,1.75,115.4,113.9,1.5,97.2,0.568,16655,0.5487804878048781,1.7,1.25
Indiana Pacers,82,240.9,40.8,89.1,0.458,13.4,37.6,0.356,27.4,51.5,0.533,17.4,22.5,0.776,9.8,32.1,41.9,27.7,7.4,4.6,14.5,20.9,112.4,2025-26,26.1,19.0,63.0,-7.99,0.35,-7.64,110.9,118.8,-7.9,101.0,0.568,16641,0.23170731707317074,1.91,1.26
Sacramento Kings,82,240.9,41.6,89.0,0.467,10.3,30.2,0.34,31.3,58.8,0.532,17.6,22.8,0.772,11.5,30.8,42.3,25.5,8.0,4.5,14.3,19.7,111.0,2025-26,28.3,22.0,60.0,-10.0,0.42,-9.58,111.4,121.5,-10.1,99.2,0.56,16140,0.2682926829268293,1.78,1.25
Milwaukee Bucks,82,240.9,40.8,85.5,0.477,15.1,39.1,0.387,25.7,46.4,0.553,13.9,19.1,0.73,8.9,31.8,40.7,25.8,7.4,4.0,15.2,19.7,110.6,2025-26,27.1,32.0,50.0,-6.21,0.09,-6.12,112.9,119.3,-6.4,97.6,0.589,16650,0.3902439024390244,1.7,1.29
Brooklyn Nets,82,240.9,37.5,84.5,0.443,13.1,38.4,0.34,24.4,46.1,0.528,17.9,23.0,0.78,10.3,29.0,39.3,25.0,8.0,4.3,15.8,21.1,105.9,2025-26,23.5,20.0,62.0,-9.99,0.29,-9.7,108.7,119.0,-10.3,97.1,0.559,17412,0.24390243902439024,1.58,1.25
